company_name,careers_page_link
2K Games Dublin Limited,https://boards.greenhouse.io/2k
3M Healthcare EMEA Export Limited,https://www.3m.com/3M/en_US/careers-us/
A & L Goodbody LLP,https://www.algoodbody.com/careers
AA Ireland Limited,https://jobs.theaa.com/
ABB Limited,https://careers.abb/global/en
ABEC Technologies Europe Limited,https://www.abec.com/careers/
Abbott Diagnostics,https://www.abbott.com/careers.html
Abbott Ireland,https://www.abbott.com/careers.html
AbbVie Ireland NL B.V.,https://careers.abbvie.com/
ABM Aviation UK Ltd.,https://www.abm.com/careers/
Absorb Technology Limited,https://www.absorbsoftware.com/careers/
Accela Ireland Limited,https://www.accela.com/company/careers/
Accenture Global Solutions Limited,https://www.accenture.com/ie-en/careers
Accenture Limited,https://www.accenture.com/ie-en/careers
Activision Blizzard Ireland Ltd,https://careers.activision.com/
Actavo (Ireland) Limited,https://actavo.com/careers/
Adecco Ireland Ltd,https://www.adecco.ie/jobs/
Adobe Systems Software Ireland Limited,https://careers.adobe.com/
ADP HR AND PAYROLL SERVICES IRELAND LIMITED,https://jobs.adp.com/
AECOM Ireland Limited,https://aecom.com/careers/
Aerogen Limited,https://www.aerogen.com/careers/
Afiniti AI Limited,https://www.afiniti.com/careers
Agilent Technologies Ireland Limited,https://careers.agilent.com/
AIG Europe SA,https://www.aig.com/careers
Allied Irish Banks, Public Limited Company,https://aib.ie/careers
Amazon Data Services Ireland Limited,https://www.amazon.jobs/en/locations/dublin-ireland
Amazon Development Centre Ireland Limited,https://www.amazon.jobs/en/locations/dublin-ireland
Amazon EU Sarl, Irish Branch,https://www.amazon.jobs/en/locations/dublin-ireland
Amazon Ireland Support Services Limited,https://www.amazon.jobs/en/locations/dublin-ireland
Amazon Web Services EMEA SARL,https://www.amazon.jobs/en/teams/amazon-web-services
Amdocs Software Systems Limited,https://www.amdocs.com/careers
Amgen Technology (Ireland) Unlimited Company,https://www.amgen.com/careers
Analog Devices International Unlimited Company,https://www.analog.com/en/careers.html
Anduril Industries Ireland Limited,https://jobs.lever.co/anduril
Anthropic Ireland Limited,https://www.anthropic.com/careers
Aon Solutions Ireland Limited,https://jobs.aon.com/
Apleona Ireland Limited,https://www.apleona.com/career
Apple Distribution International Limited,https://jobs.apple.com/en-ie
Apple Operations International Limited,https://jobs.apple.com/en-ie
Apple Operations Limited,https://jobs.apple.com/en-ie
Applied Materials Ireland Limited,https://careers.appliedmaterials.com/
Aptiv Global Operations Limited,https://jobs.aptiv.com/
Arista Networks Limited,https://www.arista.com/en/careers
Arista Technology Ireland Unlimited Company,https://www.arista.com/en/careers
ASML Ireland Limited,https://www.asml.com/en/careers
Aspiegel SE,https://aspiegel.com/en/campus-recruitment
AstraZeneca Pharmaceuticals (Ireland) Designated Activity Company,https://careers.astrazeneca.com/
AtkinsRéalis Limited,https://careers.atkinsrealis.com/
Aughinish Aluminia,https://www.aughinish.ie/careers/
Avia Solutions Group (ASG) Public Limited Company,https://aviasg.com/en/careers/
Aviva Group Services Ireland Limited,https://careers.aviva.com/
AXA Partners,https://careers.axa.com/
Azimut Life dac,https://www.azimut-group.com/careers
B. Braun Wellstone Limited,https://www.bbraun.com/en/careers.html
Bank of America Europe Designated Activity Company,https://careers.bankofamerica.com/
Bank of Ireland Group PLC,https://www.bankofireland.com/about-bank-of-ireland-group/careers/
BASF Ireland Designated Activity Company,https://www.basf.com/global/en/careers.html
Bausch + Lomb Ireland Limited,https://www.bausch.com/careers/
BCD Travel Ireland Limited,https://careers.bcdtravel.com/
Beacon Hospital Sandyford Limited,https://www.beaconhospital.ie/careers/
BearingPoint Ireland Limited,https://www.bearingpoint.com/en/careers/
Bentley Systems International Limited,https://www.bentley.com/company/careers/
Becton Dickinson Research Centre Ireland Limited,https://jobs.bd.com/
Beko Plc,https://www.beko.co.uk/careers
Bloomberg Data Management Services Limited,https://www.bloomberg.com/company/careers/
Bluebeam Limited,https://www.bluebeam.com/company/careers/
Bluebird Care Dublin South Limited,https://www.bluebirdcare.ie/careers
BNP Paribas, Dublin Branch,https://group.bnpparibas/en/careers
BNY Mellon Fund Services (Ireland) Designated Activity Company,https://jobs.bnymellon.com/
Boeing Ireland Limited,https://jobs.boeing.com/
Bon Secours Health System CLG,https://www.bonsecours.ie/careers
Bord Gáis Energy,https://www.bordgaisenergy.ie/about/careers
Boston Scientific Ireland Limited,https://www.bostonscientific.com/en-US/careers.html
Boulder Media Ltd,https://www.bouldermedia.tv/careers/
BrowserStack Limited,https://www.browserstack.com/careers
Brown Bag Films Unlimited Company,https://www.brownbagfilms.com/careers/
Bus Átha Cliath - Dublin Bus,https://www.dublinbus.ie/careers
Bus Éireann - Irish Bus,https://www.buseireann.ie/careers
Cadence Design Systems (Ireland) Limited,https://www.cadence.com/en_US/home/company/careers.html
Cairn Homes Construction Ltd,https://cairnhomes.com/careers/
Camphill Communities of Ireland,https://www.camphill.ie/careers/
Capgemini Ireland Limited,https://www.capgemini.com/ie-en/careers/
Cavan & Monaghan Hospital (Health Service Executive Ch01),https://www.hse.ie/eng/staff/jobs/
CBRE GWS Ireland Limited,https://careers.cbre.com/
Chargebee Ireland Limited,https://www.chargebee.com/careers/
Charles River Laboratories Ireland Ltd,https://careers.criver.com/
Children's Health Ireland,https://www.childrenshealthireland.ie/careers/
Circet Networks (Ireland) Limited,https://www.circet.ie/careers/
Circle Internet Financial Trading Company Limited,https://www.circle.com/en/careers
Cisco Limited,https://jobs.cisco.com/
Cisco Systems Internetworking (Ireland) Limited,https://jobs.cisco.com/
Citco Fund Services (Ireland) Limited,https://careers.citco.com/
Citco Technology Management Ireland Limited,https://careers.citco.com/
Citibank Europe Public Limited Company,https://jobs.citi.com/
City of Dublin Education and Training Board,https://careers.etb.ie/
Clavis Technology Limited,https://www.clavisinsight.com/careers/
Clifton Scannell Emerson Associates,https://www.csea.ie/careers/
Cloudera International Limited,https://www.cloudera.com/careers.html
Clúid Housing Association,https://www.cluid.ie/careers/
Cognex Ireland Ltd,https://www.cognex.com/company/careers
Cognizant Technology Solutions Ireland Limited,https://careers.cognizant.com/
Commission for Communications Regulations,https://www.comreg.ie/about/careers/
Compass Informatics Limited,https://www.compass.ie/careers/
Computershare Investor Services (Ireland) Ltd,https://www.computershare.com/careers
Connelly Partners Integrated Europe Limited,https://www.connellypartners.com/careers
Cubic Telecom Limited,https://careers.cubictelecom.com/
DAA Public Limited Company,https://www.daa.ie/careers/
Dairygold Co-operative Society Limited,https://www.dairygold.ie/careers
Datadog Ireland Limited,https://careers.datadoghq.com/
Datavant Limited,https://www.datavant.com/careers
DBT Labs Ireland Limited,https://www.getdbt.com/company/careers
Dell Products Unlimited Company,https://jobs.dell.com/
Deloitte Ireland LLP,https://www2.deloitte.com/ie/en/careers.html
Dentons Ireland LLP,https://www.dentons.com/en/careers
Dentsu Ireland Limited,https://www.dentsu.com/ie/en/careers
Dept Digital Ltd,https://www.deptagency.com/careers/
Depaul Ireland,https://ie.depaulcharity.org/get-involved/work-with-us/
Dexcom International Limited,https://careers.dexcom.com/
DHL Global Forwarding (Ireland) Limited,https://careers.dhl.com/
Digit Game Studios Limited,https://careers.scopely.com/
Digital Realty (Management Company) Limited,https://careers.digitalrealty.com/
Diligent Governance Ireland Limited,https://careers.diligent.com/
DocuSign International (EMEA) Limited,https://www.docusign.com/company/careers
eBay Europe Services Limited,https://jobs.ebayinc.com/
Eaton Industries (Ireland) Limited,https://jobs.eaton.com/
Eaton Intelligent Power Limited,https://jobs.eaton.com/
Edwards Lifesciences Ireland Limited,https://careers.edwards.com/
Electronic Arts Ireland Limited,https://www.ea.com/careers
EirGrid Public Limited Company,https://www.eirgridgroup.com/careers/
Electricity Supply Board,https://www.esb.ie/careers
Eli Lilly Cork Limited,https://careers.lilly.com/
Eli Lilly Kinsale Limited,https://careers.lilly.com/
Ellucian Ireland Limited,https://www.ellucian.com/careers
EMEIS Ireland Limited,https://emeisireland.ie/careers/
Emerson Automation Solutions Ireland Limited,https://www.emerson.com/en-us/careers
Emydex Technology Limited,https://www.emydex.com/careers/
Entegro Limited,https://www.entegro.com/careers/
Enterprise Registry Solutions Limited,https://www.ersi-group.com/careers
Entrust Limited,https://www.entrust.com/company/careers
EOS IT Management Solutions Limited,https://www.eosits.com/careers/
Epic Healthcare Systems Ireland Limited,https://careers.epic.com/
Equal1 Laboratories Ireland,https://equal1.com/careers/
Equinix (Ireland) Limited,https://careers.equinix.com/
Ernst & Young,https://www.ey.com/en_ie/careers
Etsy Ireland Unlimited Company,https://careers.etsy.com/
Eurofins Biomnis Ireland Limited,https://careers.eurofins.com/
European Network Against Racism (ENAR) Ireland CLG,https://inar.ie/about/work-with-us/
Evercam Limited,https://evercam.io/careers/
Expleo Technology Ireland Limited,https://expleogroup.com/careers/
Exwell Medical Company Limited by Guarantee,https://www.exwell.ie/careers/
Exyte Northern Europe Limited,https://careers.exyte.net/
FBD Corporate Services Ltd,https://www.fbdgroup.com/careers
Fenergo Limited,https://www.fenergo.com/careers
Fineos Corporation Limited,https://www.fineos.com/company/careers/
Fingal County Council,https://www.fingal.ie/jobs
Fiserv Solutions (Europe) Limited,https://www.careers.fiserv.com/
Fisher Investments Ireland Limited,https://www.fishercareers.com/
FoodCloud CLG,https://foodcloud.ie/careers/
Forcepoint International Technology Ltd,https://www.forcepoint.com/careers
Forvis Mazars,https://www.forvismazars.com/ie/en/careers
Fragomen Ireland Limited (employer),https://www.fragomen.com/careers
Free Now Ireland Limited,https://www.free-now.com/ie/careers/
Galway University Hospital,https://www.hse.ie/eng/staff/jobs/
Gas Networks Ireland,https://www.gasnetworks.ie/corporate/careers/
GE Vernova Global Services GMBH,https://www.gevernova.com/careers
Genpact Ireland Private Limited,https://www.genpact.com/careers
Genzyme Ireland Limited,https://jobs.sanofi.com/
Gerson Lehrman Group (Ireland) Limited,https://careers.glginsights.com/
Gilead Sciences Ireland UC,https://www.gilead.com/careers
GitLab Ireland Limited,https://about.gitlab.com/jobs/
GlobalLogic Software and Technology Ireland Limited,https://www.globallogic.com/careers/
Glanbia Management Services Limited,https://careers.glanbia.com/
Goodbody Stockbrokers,https://www.goodbody.ie/careers
Google Cloud EMEA Limited,https://careers.google.com/
Google Ireland Limited,https://careers.google.com/locations/dublin/
Guidewire Software (Ireland) Limited,https://www.guidewire.com/careers
HCL (Ireland) Information Systems Limited,https://www.hcltech.com/careers
HCL Technologies Limited,https://www.hcltech.com/careers
Health Information and Quality Authority (HIQA),https://www.hiqa.ie/about-us/careers
Health Service Executive,https://www.hse.ie/eng/staff/jobs/
HEAnet,https://www.heanet.ie/about/careers
Hewlett Packard Enterprise Ireland Limited,https://careers.hpe.com/
Hewlett-Packard Galway Limited,https://jobs.hp.com/
Hitachi Energy Ireland Limited,https://www.hitachienergy.com/careers
HSBC Continental Europe,https://www.hsbc.com/careers
HubSpot Ireland Limited,https://www.hubspot.com/careers
Huawei Technologies (Ireland) Co Ltd,https://career.huawei.com/
Iarnród Éireann - Irish Rail,https://www.irishrail.ie/en-ie/about-us/iarnrod-eireann-careers
IBM Global Services Limited,https://www.ibm.com/careers
IBM Ireland Limited,https://www.ibm.com/careers
IBM Ireland Product Distribution Limited,https://www.ibm.com/careers
ICE Data Services Ireland Limited,https://careers.intercontinentalexchange.com/
ICON Clinical Research Limited,https://careers.iconplc.com/
IDEXX Diagnostic Limited,https://careers.idexx.com/
Incorporated Law Society of Ireland,https://www.lawsociety.ie/About-Us/Careers
Independent Vetcare Ireland Limited,https://www.ivcevidensia.ie/careers/
Indra Sistemas S.A Irish Branch,https://www.indracompany.com/en/talent
Infineon Technologies Ireland Limited,https://www.infineon.com/careers
Infineon Technologies Semiconductor Ireland Limited,https://www.infineon.com/careers
Infosys BPM Limited,https://www.infosysbpm.com/careers/
Infosys Limited,https://www.infosys.com/careers.html
Institute of Study Abroad Ireland Limited,https://www.isaireland.com/careers
Intel Ireland Limited,https://jobs.intel.com/
Intel Research and Development Ireland Limited,https://jobs.intel.com/
Interactive Brokers Ireland Limited,https://www.interactivebrokers.com/en/index.php?f=31899
Intercom R&D Unlimited Company,https://www.intercom.com/careers
IQVIA RDS Ireland Limited,https://jobs.iqvia.com/
Irish Blood Transfusion Service,https://www.giveblood.ie/careers/
Irish Cattle Breeding Federation Society Ltd,https://www.icbf.com/?page_id=15396
Irish Red Cross,https://www.redcross.ie/get-involved/work-with-us/
Irish Rugby Football Union,https://www.irishrugby.ie/vacancies/
ISS Ireland Limited,https://www.ie.issworld.com/careers
J.P. Morgan SE,https://careers.jpmorgan.com/
Kaseya Limited,https://www.kaseya.com/company/careers/
Keelvar Systems Limited,https://www.keelvar.com/careers/
Kildare County Council,https://kildarecoco.ie/AllServices/CareerOpportunities/
Kingspan Tate Ltd,https://www.kingspan.com/ie/en/careers/
KLA-Tencor Ireland Limited,https://www.kla.com/careers
Klaviyo Ireland Limited,https://www.klaviyo.com/careers
Kneat Solutions Limited,https://www.kneat.com/careers/
KPMG,https://kpmg.com/ie/en/home/careers.html
Kroll Bond Rating Agency Europe Limited,https://www.kbra.com/careers/
Lam Research (Ireland) Limited,https://www.lamresearch.com/careers/
LearnUpon Limited,https://www.learnupon.com/careers/
Liberty Information Technology Limited,https://www.liberty-it.co.uk/careers/
LinkedIn Ireland Unlimited Company,https://careers.linkedin.com/
LGT Capital Partners (Ireland) Limited,https://www.lgtcp.com/en/careers/
LGT Fund Managers (Ireland) Limited,https://www.lgt.com/global-en/careers
Lionbridge Digital Development Limited,https://www.lionbridge.com/company/careers/
Logitech Ireland Services Limited,https://jobs.jobvite.com/logitech
Mary Immaculate College,https://www.mic.ul.ie/about-mic/vacancies
MasterCard Ireland Limited,https://careers.mastercard.com/
Mater Misericordiae University Hospital,https://www.mater.ie/careers/
Mater Private Cork,https://www.materprivate.ie/cork/careers/
Mater Private Hospital Unlimited Company,https://www.materprivate.ie/about/careers/
McAfee Ireland Limited,https://careers.trellix.com/
McKesson Cork Business Solutions Unlimited Company,https://careers.mckesson.com/
Mayo University Hospital,https://www.hse.ie/eng/staff/jobs/
Medtronic Vascular Galway Unlimited Company,https://www.medtronic.com/careers
Merative Healthcare Ireland Limited,https://www.merative.com/careers
Mercy University Hospital,https://www.muh.ie/index.php/about/careers
Meta Platforms Ireland Limited,https://www.metacareers.com/
MetLife Services EEIG,https://www.metlife.com/careers/
Microchip Technology Ireland Limited,https://careers.microchip.com/
Microsoft Ireland Operations Limited,https://careers.microsoft.com/
Microsoft Ireland Research Unlimited Company,https://careers.microsoft.com/
Midland Regional Hospital at Tullamore,https://www.hse.ie/eng/staff/jobs/
Monaghan County Council,https://monaghan.ie/careers/
MongoDB Limited,https://www.mongodb.com/careers
Motorola Solutions Ireland Ltd,https://www.motorolasolutions.com/en_us/about/careers.html
National College of Ireland,https://www.ncirl.ie/About/Careers-at-NCI
National Rehabilitation Hospital,https://www.nrh.ie/careers/
Nazareth Care Ireland CLG,https://nazarethcare.ie/careers/
NCR LIMITED,https://www.ncr.com/careers
NetApp Ireland Unlimited Company,https://www.netapp.com/company/careers/
NGINX International Limited,https://www.f5.com/company/careers
Nitro Software EMEA Limited,https://www.gonitro.com/about/careers
NNIT Ireland Limited,https://www.nnit.com/careers/
NortonLifeLock Ireland Limited,https://careers.gen.digital/
Notion Labs, Ireland Limited,https://www.notion.so/careers
NTT DATA Services Ireland Limited,https://careers.nttdata.com/
OpenAI Ireland Limited,https://openai.com/careers
Oracle Cerner Ireland Limited,https://careers.oracle.com/
Oracle Emea Ltd,https://careers.oracle.com/
Ove Arup & Partners Ireland Limited,https://www.arup.com/careers/
OXFAM REPUBLIC OF IRELAND,https://www.oxfamireland.org/get-involved/jobs
PayPal Europe Services Limited,https://www.paypal.com/us/webapps/mpp/jobs
Permanent TSB Public Limited Company,https://www.permanenttsb.ie/about-us/careers/
Pfizer Ireland Pharmaceuticals Unlimited Company,https://www.pfizer.com/about/careers
Pinterest Europe Limited,https://www.pinterestcareers.com/
Portiuncula University Hospital,https://www.hse.ie/eng/staff/jobs/
PricewaterhouseCoopers Services,https://www.pwc.ie/careers.html
Primark Limited,https://careers.primark.com/
Proofpoint Ireland Limited,https://www.proofpoint.com/us/company/careers
Quest Software International Limited,https://www.quest.com/careers/
Raidió Teilifís Éireann  (RTÉ),https://about.rte.ie/careers/
Red Hat Limited,https://www.redhat.com/en/jobs
Regional Hospital Mullingar,https://www.hse.ie/eng/staff/jobs/
Respond Housing Association,https://www.respond.ie/careers/
Roscommon County Council,https://roscommoncoco.ie/en/Services/Careers/
Roscommon University Hospital,https://www.hse.ie/eng/staff/jobs/
Royal College of Surgeons In Ireland,https://www.rcsi.com/dublin/about/jobs
Salesforce (SFDC Ireland Limited),https://careers.salesforce.com/en/
SAP Ireland Limited,https://www.sap.com/ireland/about/careers.html
SAP Service and Support Centre (Ireland) Limited,https://www.sap.com/ireland/about/careers.html
Screendragon (Ireland) Limited,https://www.screendragon.com/careers/
Scotiabank (Ireland) Designated Activity Company,https://jobs.scotiabank.com/
ServiceNow Ireland Limited,https://careers.servicenow.com/
Shutterstock Ireland Limited,https://www.shutterstock.com/careers
Siemens Healthcare Diagnostics Manufacturing Limited,https://jobs.siemens-healthineers.com/
Siemens Healthcare Medical Solutions Limited,https://jobs.siemens-healthineers.com/
Siemens lndustry Software Limited,https://jobs.sw.siemens.com/
Sirius XM Ireland Limited,https://careers.siriusxm.com/
SITA Information Networking Computing Ireland Limited,https://www.sita.aero/careers/
Sitecore Ireland Limited,https://careers.sitecore.com/
Slalom Technology and Management Solutions Limited,https://www.slalom.com/careers
Smartling Ireland Limited,https://www.smartling.com/company/careers/
SmartSimple Software Ireland Ltd,https://www.smartsimple.com/company/careers
SMBC Aviation Capital Ltd,https://www.smbc.aero/careers/
Society of St. Vincent de Paul,https://www.svp.ie/get-involved/careers/
SOTI Ireland Ltd,https://soti.net/company/careers/
South East Technological University (SETU),https://www.setu.ie/about/work-at-setu
South Infirmary Victoria University Hospital,https://www.sivuh.ie/careers/
Sport Ireland Facilities Designated Activity Company,https://www.sportireland.ie/about/careers
Squarespace Ireland Limited,https://careers.squarespace.com/
State Street International (Ireland) Limited,https://statestreet.wd1.myworkdayjobs.com/Global
State Street Technology (Ireland) Limited,https://statestreet.wd1.myworkdayjobs.com/Global
St Patrick's Mental Health Services,https://www.stpatricks.ie/careers
Stripe Technology Company Limited,https://stripe.com/jobs
Stryker European Operations Limited,https://careers.stryker.com/
Stryker Ireland Limited,https://careers.stryker.com/
Sun Life Information Services Ireland Limited,https://www.sunlife.com/en/careers/
SurveyMonkey Europe Unlimited Company,https://www.surveymonkey.com/careers/
SUSE Software Solutions Ireland Ltd,https://www.suse.com/careers/
Susquehanna International Group Limited,https://careers.sig.com/
Synopsys International Ltd,https://www.synopsys.com/careers.html
Tata Consultancy Services Ireland Limited,https://www.tcs.com/careers
Tata Consultancy Services Limited,https://www.tcs.com/careers
Tech Mahindra Limited,https://careers.techmahindra.com/
Tekenable Limited,https://tekenable.com/careers/
Teleperformance Ireland Limited,https://jobs.teleperformance.com/
Telnyx Ireland Limited,https://telnyx.com/company/careers
Temenos Systems Ireland Limited,https://www.temenos.com/careers/
Tenable Network Security Ireland Limited,https://www.tenable.com/careers
Technological University Dublin,https://www.tudublin.ie/explore/work-at-tu-dublin/
Technological University of the Shannon: Midlands Midwest,https://www.tus.ie/careers/
TestReach Limited,https://www.testreach.com/careers/
The Bank of New York Mellon SA/NV,https://jobs.bnymellon.com/
The Health Products Regulatory Authority (HPRA),https://www.hpra.ie/homepage/about-us/careers
The National Maternity Hospital,https://www.nmh.ie/about-us/careers.17893.html
TikTok Technology Limited,https://careers.tiktok.com/
Toasttab Ireland Limited,https://careers.toasttab.com/
Trinity Biotech Manufacturing Limited,https://www.trinitybiotech.com/careers/
Trinity College Dublin, the University of Dublin,https://www.tcd.ie/People/jobs/
Trulioo (Ireland) Limited,https://www.trulioo.com/company/careers/
TUSLA - Child and Family Agency,https://www.tusla.ie/about/careers-in-tusla/
Twilio Ireland Limited,https://www.twilio.com/company/jobs
U.S. Bank Europe DAC,https://careers.usbank.com/global/en
Udemy Ireland Limited,https://about.udemy.com/careers/
Uisce Éireann,https://www.water.ie/about/careers/
Unified-CXM Ireland Limited,https://www.sprinklr.com/careers/
University College Cork,https://www.ucc.ie/en/hr/vacancies/
University College Dublin,https://www.ucd.ie/workatucd/jobs/
University Hospital Kerry,https://www.hse.ie/eng/staff/jobs/
University Hospital Waterford,https://www.hse.ie/eng/staff/jobs/
University Limerick Hospitals Group,https://www.hse.ie/eng/staff/jobs/
University of Limerick,https://www.ul.ie/hr/vacancies
UPMC Sports Surgery Clinic Limited,https://www.upmc.ie/careers
UPMC Whitfield Hospital Limited,https://www.upmc.ie/careers
USAA International Servco Designated Activity Company,https://www.usaa.com/careers/
Version 1 Software Limited,https://www.version1.com/careers/
Vertiv Ireland Ltd,https://www.vertiv.com/en-emea/about/careers/
VHI Health & Wellbeing DAC,https://www.vhi.ie/careers
Viasat Europe Limited,https://careers.viasat.com/
Video Elephant Limited,https://videoelephant.com/careers/
Virgin Media Ireland Limited,https://jobs.virginmediao2.co.uk/
Vodafone Ireland Limited,https://www.vodafone.ie/about-us/careers
Waterford City & County Council,https://waterfordcouncil.ie/departments/human-resources/vacancies.htm
Wayfair Stores Limited,https://www.aboutwayfair.com/careers
Wayflyer Limited,https://www.wayflyer.com/careers
WhatsApp Ireland Limited,https://www.metacareers.com/
Wexford General Hospital,https://www.hse.ie/eng/staff/jobs/
Willis Towers Watson (Ireland) Limited,https://careers.wtwco.com/
Wipro Limited,https://careers.wipro.com/
Wipro Limited - Irish Branch,https://careers.wipro.com/
Workday Limited,https://workday.wd5.myworkdayjobs.com/Workday
Workvivo Limited,https://www.workvivo.com/careers/
WorldnetTPS Limited,https://www.worldnetpayments.com/careers
WSP Ireland Consulting Limited,https://www.wsp.com/en-ie/careers
WuXi Biologics Ireland Limited,https://careers.wuxibiologics.com/
Xilinx Ireland Unlimited Company,https://careers.amd.com/
Yahoo EMEA Limited,https://www.yahooinc.com/careers/
Yahoo International Limited,https://www.yahooinc.com/careers/
Zalando Ireland Limited,https://jobs.zalando.com/
Zendesk International Limited,https://jobs.zendesk.com/
ZF Digital Solutions Ireland Limited,https://jobs.zf.com/
Zoetis Belgium S.A.,https://www.zoetis.com/careers
Zurich Insurance Company Ltd,https://www.zurich.ie/about-us/careers/
Zyte Group Limited,https://www.zyte.com/jobs/